Index,ImageID
2794,n00000000/102511.jpg
7598,n00000000/106836.jpg
8038,n00000000/107231.jpg
9033,n00000000/108127.jpg
13889,n00000000/112498.jpg
15183,n00000000/113662.jpg
16835,n00000000/115149.jpg
16956,n00000000/115258.jpg
18451,n00000000/116603.jpg
18599,n00000000/116737.jpg
19035,n00000000/117129.jpg
19121,n00000000/117206.jpg
19196,n00000000/117274.jpg
19887,n00000000/117897.jpg
19977,n00000000/117978.jpg
20026,n00000000/118020.jpg
20328,n00000000/118293.jpg
23549,n00000000/121191.jpg
26382,n00000000/123741.jpg
27959,n00000000/125160.jpg
28314,n00000000/125480.jpg
29135,n00000000/126219.jpg
32725,n00000000/129450.jpg
35144,n00000000/131627.jpg
37190,n00000000/133469.jpg
39345,n00000000/135408.jpg
39980,n00000000/135980.jpg
40342,n00000000/136305.jpg
40560,n00000000/136501.jpg
41236,n00000000/13711.jpg
43856,n00000000/139469.jpg
44333,n00000000/139899.jpg
46044,n00000000/141437.jpg
47861,n00000000/143072.jpg
49496,n00000000/144544.jpg
49616,n00000000/144652.jpg
50774,n00000000/145695.jpg
51244,n00000000/146117.jpg
53750,n00000000/148373.jpg
54243,n00000000/148817.jpg
55510,n00000000/149958.jpg
56400,n00000000/150758.jpg
56403,n00000000/150760.jpg
57102,n00000000/15139.jpg
57828,n00000000/152042.jpg
59350,n00000000/153412.jpg
60498,n00000000/154446.jpg
61720,n00000000/155546.jpg
64416,n00000000/157973.jpg
71331,n00000000/164196.jpg
73168,n00000000/16585.jpg
82349,n00000000/174111.jpg
84567,n00000000/176108.jpg
89137,n00000000/180220.jpg
90133,n00000000/181117.jpg
90351,n00000000/181313.jpg
92985,n00000000/183685.jpg
96578,n00000000/186919.jpg
96680,n00000000/18701.jpg
99153,n00000000/189236.jpg
100900,n00000000/190808.jpg
104218,n00000000/193795.jpg
105390,n00000000/19485.jpg
109086,n00000000/198176.jpg
111881,n00000000/200690.jpg
112326,n00000000/201090.jpg
112929,n00000000/201633.jpg
115197,n00000000/203675.jpg
115584,n00000000/204022.jpg
124761,n00000000/212282.jpg
128410,n00000000/215567.jpg
131280,n00000000/21815.jpg
132299,n00000000/219067.jpg
134574,n00000000/221113.jpg
135599,n00000000/222036.jpg
136366,n00000000/222727.jpg
138873,n00000000/224984.jpg
142513,n00000000/22826.jpg
143797,n00000000/229415.jpg
145189,n00000000/230668.jpg
146046,n00000000/231439.jpg
147916,n00000000/233121.jpg
148448,n00000000/233600.jpg
148600,n00000000/233738.jpg
148678,n00000000/233808.jpg
149703,n00000000/234730.jpg
150137,n00000000/235120.jpg
150604,n00000000/235541.jpg
150636,n00000000/235570.jpg
151465,n00000000/236316.jpg
151571,n00000000/236411.jpg
153272,n00000000/237943.jpg
159203,n00000000/243280.jpg
160326,n00000000/244291.jpg
160356,n00000000/244318.jpg
165783,n00000000/249202.jpg
166580,n00000000/249920.jpg
166740,n00000000/250063.jpg
169272,n00000000/252342.jpg
169325,n00000000/252390.jpg
170031,n00000000/253025.jpg
172058,n00000000/254850.jpg
172208,n00000000/254986.jpg
172975,n00000000/255676.jpg
176242,n00000000/258616.jpg
181292,n00000000/263160.jpg
182764,n00000000/264486.jpg
183126,n00000000/264811.jpg
183600,n00000000/265238.jpg
184049,n00000000/265642.jpg
184847,n00000000/266360.jpg
185184,n00000000/266664.jpg
186349,n00000000/267712.jpg
186456,n00000000/267809.jpg
186548,n00000000/267892.jpg
186702,n00000000/26803.jpg
187767,n00000000/26899.jpg
187835,n00000000/26905.jpg
189048,n00000000/270140.jpg
192013,n00000000/27281.jpg
193508,n00000000/274155.jpg
193695,n00000000/274323.jpg
197430,n00000000/277686.jpg
198818,n00000000/278935.jpg
200445,n00000000/280399.jpg
200810,n00000000/280727.jpg
203498,n00000000/283146.jpg
205806,n00000000/285223.jpg
208018,n00000000/287214.jpg
208204,n00000000/287382.jpg
209493,n00000000/288542.jpg
210148,n00000000/289131.jpg
214147,n00000000/292730.jpg
217408,n00000000/295666.jpg
217617,n00000000/295854.jpg
219436,n00000000/297491.jpg
225289,n00000000/302758.jpg
228704,n00000000/305831.jpg
228730,n00000000/305855.jpg
230993,n00000000/307892.jpg
233434,n00000000/310088.jpg
233450,n00000000/310101.jpg
237228,n00000000/313502.jpg
240018,n00000000/316013.jpg
240092,n00000000/316080.jpg
244363,n00000000/319925.jpg
245928,n00000000/321332.jpg
246480,n00000000/32183.jpg
248764,n00000000/323886.jpg
258882,n00000000/332992.jpg
260455,n00000000/334407.jpg
264744,n00000000/338268.jpg
266048,n00000000/339441.jpg
266617,n00000000/339954.jpg
269044,n00000000/342137.jpg
269758,n00000000/342780.jpg
272940,n00000000/345644.jpg
275880,n00000000/348290.jpg
276758,n00000000/349080.jpg
278602,n00000000/35074.jpg
282072,n00000000/353863.jpg
284001,n00000000/3556.jpg
284415,n00000000/355972.jpg
284482,n00000000/356031.jpg
291422,n00000000/362278.jpg
292921,n00000000/363627.jpg
294587,n00000000/365126.jpg
296360,n00000000/366722.jpg
297235,n00000000/36751.jpg
298411,n00000000/368569.jpg
298593,n00000000/368732.jpg
298694,n00000000/368823.jpg
298772,n00000000/368894.jpg
301183,n00000000/371062.jpg
302833,n00000000/372548.jpg
304719,n00000000/374245.jpg
305852,n00000000/375265.jpg
306609,n00000000/375947.jpg
307050,n00000000/376343.jpg
308422,n00000000/377579.jpg
309783,n00000000/378803.jpg
310168,n00000000/37915.jpg
311064,n00000000/379957.jpg
312751,n00000000/381474.jpg
313239,n00000000/381913.jpg
313788,n00000000/382407.jpg
315296,n00000000/383765.jpg
320596,n00000000/388535.jpg
322405,n00000000/390162.jpg
327471,n00000000/394722.jpg
328335,n00000000/39550.jpg
329615,n00000000/396652.jpg
334966,n00000000/401467.jpg
335405,n00000000/401862.jpg
336082,n00000000/402471.jpg
337231,n00000000/403505.jpg
337410,n00000000/403667.jpg
337548,n00000000/403791.jpg
343292,n00000000/408961.jpg
345791,n00000000/411209.jpg
349887,n00000000/414897.jpg
351600,n00000000/416438.jpg
352837,n00000000/417551.jpg
353400,n00000000/418058.jpg
355113,n00000000/41960.jpg
359401,n00000000/423459.jpg
362050,n00000000/425843.jpg
363325,n00000000/426991.jpg
363751,n00000000/427374.jpg
366592,n00000000/429931.jpg
368569,n00000000/43171.jpg
369722,n00000000/432748.jpg
374957,n00000000/43746.jpg
375511,n00000000/437959.jpg
379522,n00000000/441568.jpg
382431,n00000000/444186.jpg
391784,n00000000/452603.jpg
392942,n00000000/453646.jpg
398066,n00000000/458258.jpg
401942,n00000000/461746.jpg
402373,n00000000/462133.jpg
409579,n00000000/46862.jpg
411244,n00000000/470117.jpg
412488,n00000000/471237.jpg
416600,n00000000/474939.jpg
418247,n00000000/476420.jpg
421030,n00000000/478926.jpg
421974,n00000000/479776.jpg
428209,n00000000/485387.jpg
428597,n00000000/485736.jpg
430095,n00000000/487084.jpg
432092,n00000000/488882.jpg
432856,n00000000/48957.jpg
433296,n00000000/489966.jpg
435589,n00000000/492028.jpg
438573,n00000000/494714.jpg
439522,n00000000/495569.jpg
441559,n00000000/497401.jpg
443314,n00000000/498982.jpg
446440,n00000000/501794.jpg
446478,n00000000/501828.jpg
447413,n00000000/50267.jpg
452512,n00000000/507259.jpg
453299,n00000000/507968.jpg
454850,n00000000/509363.jpg
455444,n00000000/509899.jpg
458550,n00000000/512693.jpg
462453,n00000000/516205.jpg
463073,n00000000/516764.jpg
463754,n00000000/517377.jpg
466962,n00000000/520263.jpg
469595,n00000000/522633.jpg
482395,n00000000/534153.jpg
487818,n00000000/539034.jpg
488000,n00000000/539199.jpg
488606,n00000000/539744.jpg
490464,n00000000/54968.jpg
491794,n00000000/56164.jpg
495049,n00000000/59094.jpg
496746,n00000000/60620.jpg
497519,n00000000/61316.jpg
503463,n00000000/66667.jpg
504770,n00000000/67843.jpg
505412,n00000000/68420.jpg
509799,n00000000/72369.jpg
510190,n00000000/72720.jpg
510794,n00000000/73264.jpg
511778,n00000000/7415.jpg
512175,n00000000/74507.jpg
513424,n00000000/75631.jpg
514739,n00000000/76815.jpg
515757,n00000000/77731.jpg
517675,n00000000/79458.jpg
519750,n00000000/81324.jpg
521353,n00000000/82768.jpg
521372,n00000000/82785.jpg
522226,n00000000/83553.jpg
523447,n00000000/84652.jpg
523480,n00000000/84682.jpg
524591,n00000000/85682.jpg
530532,n00000000/91028.jpg
533679,n00000000/93861.jpg
536609,n00000000/96499.jpg
537066,n00000000/9691.jpg
537270,n00000000/97093.jpg
